filename,slug,width,height,sha256,source_url
regardin-hero-outdoor-living-2k.png,illustration-hero-outdoor-living,2400,1792,3f4b49e4591fd2476c85440e1bff66106954f453422dc6381f9069d4c640f387,https://drive.google.com/file/d/14Eq6nEj35YX1-CTwJ2vEWVTne0-MX74R/view
regardin-service-renovations-2k.png,illustration-service-renovations,2400,1792,a4b858b04d9a09d2aca627f9481da6f2ce75eee1eb90f5cda0b96a8c586c5d84,https://drive.google.com/file/d/1O0byTXSV6YQjRwhB_4zneqo-DYwyfNrg/view
regardin-service-brickwork-2k.png,illustration-service-brickwork,2400,1792,5cd4906e688951edb1a7cd126154a7b329a5e533a146a6bfd459791aa9561e7a,https://drive.google.com/file/d/1TMV-_vQj5OqLWSN5Ksx12uf71PCLi4Qz/view
regardin-service-painting-2k.png,illustration-service-painting,2400,1792,e760ac5bb0cda94d21c163a768d0000b7d630f4000403c46421bf742277e4b35,https://drive.google.com/file/d/1gTZQBJOhx2QK595-BNNAZ9NpUPnCqzTV/view
regardin-service-joinery-2k.png,illustration-service-joinery,2400,1792,03423d045ed5958a37b5d7011b9afaf80571386ec8f1110ee44b39eaf77f0bd7,https://drive.google.com/file/d/1OzE9wk85C7g6Zy669wH0RARzQEWwM3DC/view
regardin-service-decking-pergolas-2k.png,illustration-service-decking-pergolas,2400,1792,633eb04cdca107726cc0233479d437f89ce4d26f693ff6f5ff889211d7a48a65,https://drive.google.com/file/d/1YUBMVPxa7EdDHDDaURHmgEzCkKiwh58f/view
regardin-service-concrete-2k.png,illustration-service-concrete,2400,1792,21f9ef256a7965ad561eb6247179c9a5bbd67caf6a05dc2c1f5736a1c28496da,https://drive.google.com/file/d/1TJcoo8TWjWZDhBEXbRmzdz0A9qAUAmoh/view
regardin-service-plastering-screeds-2k.png,illustration-service-plastering-screeds,2400,1792,bdc33a11edfa378827b7408f99f230159f6ca54250ed84647dcabe6fae236f90,https://drive.google.com/file/d/1BGTHhGmPHO0nMXRYdIZUpGgkQEHd_-AV/view
regardin-service-pool-finishes-2k.png,illustration-service-pool-finishes,2400,1792,6857a25e513bc680e37fd64ddf432993accaa80b0f503df5015307c6864f6a2b,https://drive.google.com/file/d/1YKPF1e2nKcWecSrKrJqecFXTU2g0Mz_Q/view
regardin-service-custom-projects-2k.png,illustration-service-custom-projects,2400,1792,ce14b7f33127b0bb3027a851818c5028019821c4a4ae1351c957fc69c1a5ba5b,https://drive.google.com/file/d/1QpoqZh2b1iTeTuZC9WEMc39BS24AAk90/view
