kind,url,status,retrieved,title,description,robots,h1_count,jsonld_count,hash_links,image_count,error
regardin,https://regardinconstruction.co.za/,200,True,Regardin Construction – Excellence in Every Detail.,,max-image-preview:large,0,0,1,12,
regardin,https://regardinconstruction.co.za/6-tips-to-retain-your-top-sales-talent/,200,True,6 tips to retain your top sales talent – Regardin Construction,,max-image-preview:large,2,0,1,2,
regardin,https://regardinconstruction.co.za/about-us/,200,True,About Us – Regardin Construction,,max-image-preview:large,1,0,1,2,
regardin,https://regardinconstruction.co.za/author/xiluva/,200,True,Xiluva – Regardin Construction,,max-image-preview:large,1,0,1,4,
regardin,https://regardinconstruction.co.za/blog/,200,True,Blog – Regardin Construction,,max-image-preview:large,1,0,1,4,
regardin,https://regardinconstruction.co.za/category/business/,200,True,Business – Regardin Construction,,max-image-preview:large,1,0,1,2,
regardin,https://regardinconstruction.co.za/category/finanve/,200,True,Finanve – Regardin Construction,,max-image-preview:large,1,0,1,2,
regardin,https://regardinconstruction.co.za/category/insurance/,200,True,Insurance – Regardin Construction,,max-image-preview:large,1,0,1,2,
regardin,https://regardinconstruction.co.za/category/leasing/,200,True,Leasing – Regardin Construction,,max-image-preview:large,1,0,1,2,
regardin,https://regardinconstruction.co.za/contact-us/,200,True,Contact Us – Regardin Construction,,max-image-preview:large,1,0,1,2,
regardin,https://regardinconstruction.co.za/our-portfolio/,200,True,Our Portfolio – Regardin Construction,,max-image-preview:large,1,0,1,86,
regardin,https://regardinconstruction.co.za/our-services/,200,True,Our Services – Regardin Construction,,max-image-preview:large,1,0,11,6,
regardin,https://regardinconstruction.co.za/our-team/,200,True,Our Team – Regardin Construction,,max-image-preview:large,1,0,1,5,
regardin,https://regardinconstruction.co.za/portfolios/business-solutions/,200,True,Business Solutions – Regardin Construction,,max-image-preview:large,2,0,1,5,
regardin,https://regardinconstruction.co.za/portfolios/enterprise-loan/,200,True,Enterprise Loan – Regardin Construction,,max-image-preview:large,2,0,1,5,
regardin,https://regardinconstruction.co.za/portfolios/event-finder/,200,True,Event Finder – Regardin Construction,,max-image-preview:large,2,0,1,5,
regardin,https://regardinconstruction.co.za/portfolios/financial-report/,200,True,Financial Report – Regardin Construction,,max-image-preview:large,2,0,1,5,
regardin,https://regardinconstruction.co.za/portfolios/investment-planning/,200,True,Investment Planning – Regardin Construction,,max-image-preview:large,2,0,1,5,
regardin,https://regardinconstruction.co.za/portfolios/mo-insurance/,200,True,MO Insurance – Regardin Construction,,max-image-preview:large,2,0,1,5,
regardin,https://regardinconstruction.co.za/portfolios/money-market/,200,True,Money Market – Regardin Construction,,max-image-preview:large,2,0,1,5,
regardin,https://regardinconstruction.co.za/portfolios/oak-tree-solutions/,200,True,Oak Tree Solutions – Regardin Construction,,max-image-preview:large,2,0,1,5,
regardin,https://regardinconstruction.co.za/portfolios_category/business/,200,True,Business – Regardin Construction,,max-image-preview:large,1,0,9,3,
regardin,https://regardinconstruction.co.za/portfolios_category/finance/,200,True,Finance – Regardin Construction,,max-image-preview:large,1,0,9,3,
regardin,https://regardinconstruction.co.za/portfolios_category/invoicing/,200,True,Invoicing – Regardin Construction,,max-image-preview:large,1,0,9,3,
regardin,https://regardinconstruction.co.za/portfolios_category/management/,200,True,Management – Regardin Construction,,max-image-preview:large,1,0,9,3,
regardin,https://regardinconstruction.co.za/portfolios_category/savings/,200,True,Savings – Regardin Construction,,max-image-preview:large,1,0,9,3,
regardin,https://regardinconstruction.co.za/portfolios_category/services/,200,True,Services – Regardin Construction,,max-image-preview:large,1,0,9,3,
regardin,https://regardinconstruction.co.za/portfolios_category/trading/,200,True,Trading – Regardin Construction,,max-image-preview:large,1,0,9,4,
regardin,https://regardinconstruction.co.za/privacy-policy/,200,True,Privacy Policy – Regardin Construction,,max-image-preview:large,1,0,1,1,
regardin,https://regardinconstruction.co.za/tag/business/,200,True,Business – Regardin Construction,,max-image-preview:large,1,0,1,3,
regardin,https://regardinconstruction.co.za/tag/consulting/,200,True,Consulting – Regardin Construction,,max-image-preview:large,1,0,1,3,
regardin,https://regardinconstruction.co.za/tag/creative/,200,True,Creative – Regardin Construction,,max-image-preview:large,1,0,1,3,
regardin,https://regardinconstruction.co.za/tag/finanve/,200,True,Finanve – Regardin Construction,,max-image-preview:large,1,0,1,3,
regardin,https://regardinconstruction.co.za/tag/insurance/,200,True,Insurance – Regardin Construction,,max-image-preview:large,1,0,1,3,
regardin,https://regardinconstruction.co.za/tag/leasing/,200,True,Leasing – Regardin Construction,,max-image-preview:large,1,0,1,3,
regardin,https://regardinconstruction.co.za/tag/management/,200,True,Management – Regardin Construction,,max-image-preview:large,1,0,1,3,
regardin,https://regardinconstruction.co.za/tag/portfolio/,200,True,Portfolio – Regardin Construction,,max-image-preview:large,1,0,1,3,
regardin,https://regardinconstruction.co.za/tag/themeforest/,200,True,ThemeForest – Regardin Construction,,max-image-preview:large,1,0,1,3,
regardin,https://regardinconstruction.co.za/terms-of-service/,200,True,Terms of Service – Regardin Construction,,max-image-preview:large,1,0,1,1,
regardin,https://regardinconstruction.co.za/tf_header_footer/footer/,200,True,Footer – Regardin Construction,,max-image-preview:large,0,0,1,0,
regardin,https://regardinconstruction.co.za/tf_header_footer/header/,200,True,Header – Regardin Construction,,max-image-preview:large,0,0,9,2,
regardin,https://regardinconstruction.co.za/what-the-martian-can-teach-sales/,200,True,What the martian can teach sales – Regardin Construction,,max-image-preview:large,2,0,1,2,
regardin,https://regardinconstruction.co.za/why-do-i-need-to-use-financial/,200,True,Why Do I Need To Use Financial ? – Regardin Construction,,max-image-preview:large,2,0,1,2,
regardin,https://regardinconstruction.co.za/why-your-sales-forecast-is-off/,200,True,Why your sales forecast is off – Regardin Construction,,max-image-preview:large,2,0,1,2,
competitor,https://68projects-building.co.za/,200,True,Building Contractor Cape Town | Renovations | 68 Projects,"Cape Town building contractor offering renovations, alterations and construction services. NHBRC registered. Servicing Plumstead, Rondebosch, Newlands, Claremont, Constantia and surrounding areas.",,1,2,0,11,
competitor,https://bomorenovations.co.za/,200,True,"Renovations, Construction & Carpentry Cape Town | BOMO","BOMO Renovations manages residential renovations, construction, home extensions and custom carpentry in Cape Town, with practical design guidance and project coordination.","index, follow, max-image-preview:large, max-snippet:-1, max-video-preview:-1",3,8,5,36,
competitor,https://cptbuilders.co.za/,200,True,Building Contractors Cape Town | All Construction | 25+Years,"Building contractor and construction company covering all of Cape Town. More than 25 years experience in new homes, construction, renovation and all other forms of building work!","index, follow, max-snippet:-1, max-video-preview:-1, max-image-preview:large",2,1,0,30,
competitor,https://cmb.properties/,200,True,Constantiaberg Master Builders (Pty) Ltd,,max-image-preview:large,1,0,0,10,
competitor,https://proprojects001.co.za/,503,True,,,,0,0,0,0,
competitor,https://www.happyhomeconstruction.co.za/,200,True,Cape Town Builders & Home Renovations | Happy Home,"Happy Home Construction provides home renovations, extensions, new builds, kitchens, bathrooms and outdoor living spaces across Cape Town.","index, follow",1,0,0,1,
competitor,https://capestonebuilders.co.za/,200,True,,,,0,0,0,0,
competitor,https://skprojects.co.za/,200,True,SK Projects & Investments | Cape Town Builders,"Cape Town builders trusted specialists in joinery, cabinetry, extensions, and kitchen & bathroom remodels. NHBRC registered. Get a free quote.","index, follow, max-image-preview:large, max-snippet:-1, max-video-preview:-1",1,1,0,74,
competitor,https://cttd.capetown/,200,True,Luxury Wooden Decking Cape Town | Cape Town Timber Decking,"Cape Town Timber Decking — master-built luxury hardwood decks & pergolas in Garapa, Balau, Massaranduba & Ipe across the Western Cape.",,1,4,0,16,
competitor,https://canmantrades.co.za/,200,True,Canman Trades – Specializing in Residential Property Maintenance,,max-image-preview:large,0,0,6,15,
competitor,https://scotchscoreholdings.co.za/cape-town.html,200,True,Building Contractors Cape Town | Free Quote | 073 814 7376,"Building contractors Cape Town & Western Cape. Construction, extensions, roof repairs & painting across Durbanville, Stellenbosch & Somerset West. Free quote.",,1,4,0,4,
competitor,https://peninsulaprojects.co.za/,200,True,Peninsula Projects: Quality Construction Services in Cape Town,"Peninsula Projects: Expert construction services in Cape Town, specializing in residential, commercial, and industrial projects.",,1,0,2,9,
competitor,https://www.cockburnconstruction.co.za/,200,True,Home Builders and Renovators in the Southern Suburbs of Cape Town - Cockburn and Son Construction,Home Builders and Renovators in the Southern Suburbs of Cape Town offering you a specialised solution in home renovation.,"follow, index, max-snippet:-1, max-video-preview:-1, max-image-preview:large",1,1,4,29,
competitor,https://tartanconstruction.co.za/,200,True,Tartan Construction – Construction Cape Town,,max-image-preview:large,1,0,9,17,
competitor,https://www.novacs.co.za/,200,True,Nova Construction Services - Building Inspiring Spaces,,max-image-preview:large,1,1,3,11,
competitor,https://www.bhconstruction.co.za/,200,True,Home - BH CONSTRUCTION,,"index, follow, max-image-preview:large, max-snippet:-1, max-video-preview:-1",1,1,0,67,
competitor,https://leukesbuilders.com/,200,True,Home - Leukes Builders Home Builders,"Others call it a House, but we call it a Home. Leukes Builders are experts in their field with more than 30 years of experience as home builders.","index, follow, max-image-preview:large, max-snippet:-1, max-video-preview:-1",1,2,2,64,
competitor,https://r-n.co.za/,200,True,Home Page - Master Builders,,"index, follow, max-image-preview:large, max-snippet:-1, max-video-preview:-1",2,1,0,15,
competitor,https://phase-three.co.za/,200,True,Phase Three Development Company,,"index, follow, max-image-preview:large, max-snippet:-1, max-video-preview:-1",0,1,0,15,
competitor,https://urbanrevamp.co.za/,200,True,Property Renovations & Revamps | Cape Town | Urban Revamp,Urban Revamp turns tired Cape Town homes into beautiful spaces – full property renovations across the Northern Suburbs & Winelands. Request a free consultation.,"index, follow, max-snippet:-1, max-image-preview:large, max-video-preview:-1",1,3,0,8,
